asin_id,sku_id,image_link
B09PZGTHQK,AMZ1138GLD,https://profitamazon.com/public/uploads/products/1.jpg
B09PZFTX5G,AMZ1138BLK,https://profitamazon.com/public/uploads/products/2.jpg
B09PZGCJT2,AMZ1137GLD,https://profitamazon.com/public/uploads/products/3.png
B09PZGGCFX,AMZ1137BLK,https://profitamazon.com/public/uploads/products/4.jpg
B09PZGXL6C,AMZ1136GLD,https://profitamazon.com/public/uploads/products/5.jpg
B09PZG5TGR,AMZ1136BLK,https://profitamazon.com/public/uploads/products/6.jpg
B09QYTS3J4,AMZ1140BLK,https://profitamazon.com/public/uploads/products/7.jpg
B09PRW7PCT,AMZ1135BLK,https://profitamazon.com/public/uploads/products/8.jpg
B09PRW8TKB,AMZ1116S6,https://profitamazon.com/public/uploads/products/9.jpg
B09HKSRS5J,AMZ1116S2,https://profitamazon.com/public/uploads/products/10.jpg
B09HKTP366,AMZ1116S4,https://profitamazon.com/public/uploads/products/20230206184112%20%2812%29n.jpg
B09H7MCWGZ,AMZ1130BLK,https://profitamazon.com/public/uploads/products/12.jpg
B09H7LH2GW,AMZ1130GLD,https://profitamazon.com/public/uploads/products/2024111819501223344.jpg
B09FMJ94FX,AMZ1129BRN,https://profitamazon.com/public/uploads/products/14.jpg
B09FMQLMPG,AMZ1129BLK,https://profitamazon.com/public/uploads/products/15.jpg
B09DDF7NLN,AMZ1314BLK,https://profitamazon.com/public/uploads/products/15.jpg
B098TV6YR6,AMZ1119,https://profitamazon.com/public/uploads/products/17.jpg
B098HFJK7K,AMZ1118,https://profitamazon.com/public/uploads/products/18.jpg
B08VWZ2WQS,AMZ1128,https://profitamazon.com/public/uploads/products/19.jpg
B08TVYBGW7,AMZ1115BG,https://profitamazon.com/public/uploads/products/20.jpg
B08TVVP1GH,AMZ1117,https://profitamazon.com/public/uploads/products/21.jpg
B08TVXP1HR,AMZ1115BS,https://profitamazon.com/public/uploads/products/22.jpg
B08TVNVY9M,AMZ1116,https://profitamazon.com/public/uploads/products/23.jpg
B08SKB4HLS,AMZ1109,https://profitamazon.com/public/uploads/products/24.jpg
B08SK9SBSD,AMZ1109P2,https://profitamazon.com/public/uploads/products/25.jpg
B08SQZQZQ7,AMZ1112BG,https://profitamazon.com/public/uploads/products/26.jpg
B08SR5HDG5,AMZ1112,https://profitamazon.com/public/uploads/products/27.jpg
B08MFK8HTR,AIC1974,https://profitamazon.com/public/uploads/products/28.jpg
B089QCMNPH,SL-NPHD-MCIY,https://profitamazon.com/public/uploads/products/29.jpg
B09TMDBKDG,AMZ1139S2,https://profitamazon.com/public/uploads/products/30.jpg
B09TMDZYW5,AMZ1139L,https://profitamazon.com/public/uploads/products/31.jpg
B09TM7LFZD,AMZ1139M,https://profitamazon.com/public/uploads/products/32.jpg
B09ZK35PCT,AMZ1118S3,https://profitamazon.com/public/uploads/products/33.jpg
B09ZKDD483,AMZ1118S2,https://profitamazon.com/public/uploads/products/34.jpg
B09ZKDGM53,AMZ1118M,https://profitamazon.com/public/uploads/products/35.jpg
B09ZKBXGW4,AMZ1118S,https://profitamazon.com/public/uploads/products/36.jpg
B09TMM1JW9,AMZ1139S2BG,https://profitamazon.com/public/uploads/products/37.jpg
B09TM8NK5F,AMZ1139LBG,https://profitamazon.com/public/uploads/products/38.jpg
B09TMDMNPP,AMZ1139MBG,https://profitamazon.com/public/uploads/products/39.jpg
B09V7QXG2G,AMZ1145,https://profitamazon.com/public/uploads/products/40.jpg
B09TRG2BLZ,AMZ1130BLKGW,https://profitamazon.com/public/uploads/products/41.jpg
B09VCCKW49,AMZ1143,https://profitamazon.com/public/uploads/products/42.jpg
B09ZQ22ZLW,AMZ1116WS6,https://profitamazon.com/public/uploads/products/43.jpg
B09ZPZT5L1,AMZ1116WS2,https://profitamazon.com/public/uploads/products/44.jpg
B09ZQ3N2VF,AMZ1116WS4,https://profitamazon.com/public/uploads/products/45.jpg
B09ZQ2TN3C,AMZ1119S2,https://profitamazon.com/public/uploads/products/46.jpg
B09ZQ3VVXP,AMZ1119BS2,https://profitamazon.com/public/uploads/products/47.jpg
B09ZQ46H1C,AMZ1119B,https://profitamazon.com/public/uploads/products/48.jpg
B0BSP44JFB,AMZ1161GLD,https://profitamazon.com/public/uploads/products/49.jpg
B0BSP4LY8K,AMZ1161BLK,https://profitamazon.com/public/uploads/products/50.jpg
B0BLHZRNK7,AMZ1161,https://profitamazon.com/public/uploads/products/51.jpg
B0BNLY831P,AMZ1168,https://profitamazon.com/public/uploads/products/52.jpg
B098GZV4R9,AMZ1120,https://profitamazon.com/public/uploads/products/53.jpg
B0BRNZ5R4S,AMZ1120B,https://profitamazon.com/public/uploads/products/54.jpg
B0BRNY3BHM,AMZ1120S2,https://profitamazon.com/public/uploads/products/55.jpg
B0BRNZYWP8,AMZ1120BS2,https://profitamazon.com/public/uploads/products/56.jpg
B0BRQY2517,AMZ1172BLKS2,https://profitamazon.com/public/uploads/products/57.jpg
B0BRQWPK47,AMZ1172BLKS4,https://profitamazon.com/public/uploads/products/58.jpg
B0BRQX1QZR,AMZ1178BLKS4,https://profitamazon.com/public/uploads/products/59.jpg
B0BRQTQ8S9,AMZ1178BLKS2,https://profitamazon.com/public/uploads/products/60.jpg
B0BRQVJVY7,AMZ1178WHTS2,https://profitamazon.com/public/uploads/products/61.jpg
B0BRQWCD4L,AMZ1178WHTS4,https://profitamazon.com/public/uploads/products/62.jpg
B0BSP4LGH2,AMZ1184BLKS4,https://profitamazon.com/public/uploads/products/63.jpg
B0BTXJFPM7,AMZ1185,https://profitamazon.com/public/uploads/products/64.jpg
B0BTXJGM8P,AMZ1183,https://profitamazon.com/public/uploads/products/65.jpg
B0BTXNMXRJ,AMZ1182,https://profitamazon.com/public/uploads/products/66.jpg
B0BTXMCZ5W,AMZ1171,https://profitamazon.com/public/uploads/products/67.jpg
B0BTXLCYDY,AMZ1170,https://profitamazon.com/public/uploads/products/68.jpg
B0BXDFCWBJ,AMZ1192,https://profitamazon.com/public/uploads/products/69.jpg
B0BVG1F8J6,AMZ1177,https://profitamazon.com/public/uploads/products/70.jpg
B0BVG32X4F,AMZ1177GLD,https://profitamazon.com/public/uploads/products/71.jpg
B0BVG6NGKM,AMZ1177S2,https://profitamazon.com/public/uploads/products/72.jpg
B0BW1ZQV8L,AMZ1177GLDS2,https://profitamazon.com/public/uploads/products/73.jpg
B0BYY5SJ48,AMZ1162BLK,https://profitamazon.com/public/uploads/products/74.jpg
B0BYY6H6D4,AMZ1162WHT,https://profitamazon.com/public/uploads/products/75.jpg
B0BYZFBWD1,AMZ1171BLK,https://profitamazon.com/public/uploads/products/76.jpg
B0BYZWJ995,AMZ1190,https://profitamazon.com/public/uploads/products/77.jpg
B0BZ1174PN,AMZ1190BLK,https://profitamazon.com/public/uploads/products/78.jpg
B0BZ6K6XNN,AMZ1183BLK,https://profitamazon.com/public/uploads/products/79.jpg
B0BZNCH8PC,AMZ1187S2,https://profitamazon.com/public/uploads/products/80.jpg
B0BZN97W84,AMZ1187S4,https://profitamazon.com/public/uploads/products/81.jpg
B0BZNBQ53P,AMZ1187S6,https://profitamazon.com/public/uploads/products/82.jpg
B0BYZPSSPX,AMZ1196WHT,https://profitamazon.com/public/uploads/products/83.jpg
B0BYZPPTG1,AMZ1196BLK,https://profitamazon.com/public/uploads/products/84.jpg
B0BYZT9ZQT,AMZ1196BG,https://profitamazon.com/public/uploads/products/85.jpg
B0C1QJQCCB,AMZ1186,https://profitamazon.com/public/uploads/products/86.jpg
B0C4D1BWJC,AMZ1194,https://profitamazon.com/public/uploads/products/87.jpg
B0C4CGCBCS,AMZ1194BLK,https://profitamazon.com/public/uploads/products/88.jpg
B0CBNN4VJW,AMZ1212BG,https://profitamazon.com/public/uploads/products
B0CBNHBL8L,AMZ1219BLK,https://profitamazon.com/public/uploads/products/90.jpg
B0CBNLDR4M,AMZ1219BG,https://profitamazon.com/public/uploads/products/91.jpg
B0C9FQLGY8,AMZ1201,https://profitamazon.com/public/uploads/products/92.jpg
B0C9FNL2NY,AMZ1200,https://profitamazon.com/public/uploads/products/93.jpg
B0C5W8JSXV,AMZ1193BLK,https://profitamazon.com/public/uploads/products/94.jpg
B0C5W5KNZF,AMZ1193GLD,https://profitamazon.com/public/uploads/products/95.jpg
B0C92B6Z8W,AMZ1198GLDGM,https://profitamazon.com/public/uploads/products/96.jpg
B0C92Q3HXD,AMZ1198BLKWM,https://profitamazon.com/public/uploads/products/97.jpg
B0C92BT2TP,AMZ1198GLDWM,https://profitamazon.com/public/uploads/products/98.jpg
B0C92G8Q42,AMZ1198BLKGM,https://profitamazon.com/public/uploads/products/99.jpg
B0C51G7N9Y,AMZ1198BLK,https://profitamazon.com/public/uploads/products/100.jpg
B0C51XTT8D,AMZ1198GLD,https://profitamazon.com/public/uploads/products/101.jpg
B0C4Z8VRML,AMZ1189BLK,https://profitamazon.com/public/uploads/products/102.jpg
B0C4Z6M36N,AMZ1189BG,https://profitamazon.com/public/uploads/products/103.jpg
B0C4Z71RND,AMZ1191BLK,https://profitamazon.com/public/uploads/products/104.jpg
B0C4Z7R93C,AMZ1191GLD,https://profitamazon.com/public/uploads/products/105.jpg
B0C4D2KW2S,AMZ1195BLK,https://profitamazon.com/public/uploads/products/106.jpg
B0C4CSVSG1,AMZ1195,https://profitamazon.com/public/uploads/products/107.jpg
B0C396FGC9,AMZ1197GLD,https://profitamazon.com/public/uploads/products/108.jpg
B0C3942PMN,AMZ1197BLK,https://profitamazon.com/public/uploads/products/109.jpg
B0BZN96JXT,AMZ1173,https://profitamazon.com/public/uploads/products/110.jpg
B0C8R7B1F5,AMZ1161BLKGM,https://profitamazon.com/public/uploads/products/111.jpg
B0C8QT7D5H,AMZ1161GLDGM,https://profitamazon.com/public/uploads/products/112.jpg
B0C8QPT9K1,AMZ1161GLDWM,https://profitamazon.com/public/uploads/products/113.jpg
B0C8QQ1B2G,AMZ1161BLKWM,https://profitamazon.com/public/uploads/products/114.jpg
B0B8QTBTYF,AMZ1157OGS4,https://profitamazon.com/public/uploads/products/118.jpg
B0B8R2D2Z4,AMZ1157OGS2,https://profitamazon.com/public/uploads/products/119.jpg
B0B8QL441S,AMZ1157OGS1,https://profitamazon.com/public/uploads/products/120.jpg
B0B8QHJSLL,AMZ1157BLKS4,https://profitamazon.com/public/uploads/products/121.jpg
B0B8QK8GV3,AMZ1157WHTS4,https://profitamazon.com/public/uploads/products/122.jpg
B0B8Q1B8Q5,AMZ1157BLKS2,https://profitamazon.com/public/uploads/products/123.jpg
B0B8Q14GJZ,AMZ1157WHTS2,https://profitamazon.com/public/uploads/products/124.jpg
B0B2KLTZLQ,AMZ1144P4,https://profitamazon.com/public/uploads/products/125.jpg
B0B2KLF9TT,AMZ1144P2,https://profitamazon.com/public/uploads/products/126.jpg
B0B2KN4BWX,AMZ1144,https://profitamazon.com/public/uploads/products/127.jpg
B09ZQ3TKND,AMZ1155,https://profitamazon.com/public/uploads/products/128.jpg
B0B8QP59NZ,AMZ1165,https://profitamazon.com/public/uploads/products/129.jpg
B0CGMNHPZG,AMZ1222BLK,https://profitamazon.com/public/uploads/products/202310301904Main%20Image.jpg
B0CGMMXK5H,AMZ1222BG,https://profitamazon.com/public/uploads/products/202310301929Main%20Image%202.jpg
B0CJ165JV5,AMZ1224BLK,https://profitamazon.com/public/uploads/products/202311211841Main%20Image.jpg
B0CJ8CVHW8,AMZ1226GLD,https://profitamazon.com/public/uploads/products/202311241932Main%20image.jpg
B0CJ8D3T57,AMZ1226BLK,https://profitamazon.com/public/uploads/products/202311242021Main%20Image.jpg
B0CN3WCWMQ,AMZ1229BLK,https://profitamazon.com/public/uploads/products/20240908092691k%2Bo2jKEHL._SX679_.jpg
B0CN3VRWZS,AMZ1229WHT,https://profitamazon.com/public/uploads/products/202401091848main%20image.jpg
B0CP83D9CF,AMZ1225WHT,https://profitamazon.com/public/uploads/products/202401091858Main%20Image.jpg
B0CRFZNSLC,AMZ1231BLK,https://profitamazon.com/public/uploads/products/20240908091241pw7RNX7kL._SX679_.jpg
B0CRG8DY8Y,AMZ1235BRG,https://profitamazon.com/public/uploads/products/202403121611Main%20Image.jpg
B0CRG6NRTQ,AMZ1236GLDWM,https://profitamazon.com/public/uploads/products/20240908092381gcy6JK8gL._SX679_.jpg
B0CRFVJVM4,AMZ1238BLK,https://profitamazon.com/public/uploads/products/202403121708Main%20Image.jpg
B0D8K9QS7X,AMZ1243GLDDM,https://profitamazon.com/public/uploads/products/20240907180551Q5jQyqgXL._SX679_.jpg
B0D8KB71VQ,AMZ1243GLDWM,https://profitamazon.com/public/uploads/products/20240907185371wt2z%2B492L._SX679_.jpg
B0D8KFWJLZ,AMZ1243BLKDM,https://profitamazon.com/public/uploads/products/20240907190461R7USSYY6L._SX679_.jpg
B0D8KG4FBS,AMZ1243BLKWM,https://profitamazon.com/public/uploads/products/20240908082161R7USSYY6L._SX679_.jpg
B0D2PNFJRS,AMZ1240BG,https://profitamazon.com/public/uploads/products/202409080823B0D2PNFJRS.jpg
B0CYR7HGY2,AMZ1239BGWM,https://profitamazon.com/public/uploads/products/20240908082871h2tRAqLCL._SX679_.jpg
B0CYR71TZR,AMZ1239BLKBM,https://profitamazon.com/public/uploads/products/20240908083091o%2BPaQFogL._SX679_.jpg
B0CV9KBP5H,AMZ1177GLDBLKS2,https://profitamazon.com/public/uploads/products/202409080833813Zu448mpL._SX679_.jpg
B0CV9K1BJV,AMZ1177BLKBRNS2,https://profitamazon.com/public/uploads/products/202409080838818Px9J933L._SX679_.jpg
B0CV9PB5TY,AMZ1177BLKBRN,https://profitamazon.com/public/uploads/products/202409080840818Px9J933L._SX679_.jpg
B0CV9G66JZ,AMZ1177GLDBLK,https://profitamazon.com/public/uploads/products/20240908090241WbnKimYvL._SX679_.jpg
B0CV9RC6B8,AMZ1210BLK,https://profitamazon.com/public/uploads/products/20240908090441WbnKimYvL._SX679_.jpg
B0CV9RC59W,AMZ1228GLD,https://profitamazon.com/public/uploads/products/20240908090651uqwrR%2BOuL._SX679_.jpg
B0CV9BX7GY,AMZ1221GLDWM,https://profitamazon.com/public/uploads/products/20240908091171VpEkvmMbL._SX679_.jpg
B0CRFTZ1MV,AMZ1236BLKWM,https://profitamazon.com/public/uploads/products/20240908092281fgTwL4kYL._SX679_.jpg
B0CP4KRMN4,AMZ1230,https://profitamazon.com/public/uploads/products/20240908093151vgVVInW%2BL._SX679_.jpg
B0CP4J8D9C,AMZ1231BG,https://profitamazon.com/public/uploads/products/202409080933411UdGot6RL._SX679_.jpg
B0CP4J8VM5,AMZ1227BLK,https://profitamazon.com/public/uploads/products/20240908093591puuCBOhjL._SX679_.jpg
B0CP4L2KQ2,AMZ1206BLKSet,https://profitamazon.com/public/uploads/products/20240908100471z6kfn26jL._SX679_.jpg
B0CP4HXBC2,AMZ1203GLDWM,https://profitamazon.com/public/uploads/products/20240908100641HxFK5JknL._SX679_.jpg
B0CJ5W1ZFM,AMZ1203BLKWM,https://profitamazon.com/public/uploads/products/20240908100841af7x701IL._SX679_.jpg
B0CJ1LLTV2,AMZ1224BLKWM,https://profitamazon.com/public/uploads/products/202409081013518h-iQ%2BNLL._SX679_.jpg
B0BYZRLM8M,HY-ROGK-EZ4M,https://profitamazon.com/public/uploads/products/20240923011151S4D4TxpzL._SX679_.jpg
B0BVG7CF78,CB-2NPI-QLIA,https://profitamazon.com/public/uploads/products/20240923011371iNWHidLJL._SX679_.jpg
B0DGJCSZKS,AMZ1252BG,https://profitamazon.com/public/uploads/products/20241113181651HAeotmHcL._SX569_.jpg
B0DGJ7HBQX,AMZ1252BLK,https://profitamazon.com/public/uploads/products/202411142015htttt.jpg
B0CP4HBS5S,AMZ1206BLKSet,https://profitamazon.com/public/uploads/products/20240923181541WqglcSlvL._SX679_.jpg
B0CJ1CGBRZ,AMZ1224GLD,https://profitamazon.com/public/uploads/products/20240923181851og-qImWSL._SX679_.jpg
B0CJ1FMTF7,AMZ1224BLKGM,https://profitamazon.com/public/uploads/products/20240923182041KqV8q9FTL._SX300_SY300_QL70_FMwebp_.webp
B0CJ164MBT,AMZ1224GLDGM,https://profitamazon.com/public/uploads/products/20240923182251BxQdfeVEL._SX679_.jpg
B0CJ1KC3J9,AMZ1203GLD,https://profitamazon.com/public/uploads/products/20240923182341VIH8kxOIL._SX679_.jpg
B0BSP674VS,AMZ1184BLKS6,https://profitamazon.com/public/uploads/products/20240923190151PlZGB-M5L._SX679_.jpg
B0B8QTJCXQ,AMZ1157BLKS1,https://profitamazon.com/public/uploads/products/20240923190351V3RGYP7SL._SX679_.jpg
B0CP4GYRBQ,AMZ1220LBG,https://profitamazon.com/public/uploads/products/202411181751lkkjh.jpg
B0B8QHRZRD,AMZ1157WHTS1,https://profitamazon.com/public/uploads/products/20241118185212345ede.jpg
